{
  "WorkItem": {
    "AffectedComponent": {
      "Name": "",
      "DisplayName": ""
    },
    "ClosedComment": "",
    "ClosedDate": null,
    "CommentCount": 0,
    "Custom": null,
    "Description": "another nice to have that could be discussed is the application of different colors in the command table for quick recognition. also the possibility of tagging would be great.\n\nall this could be done using the comment field. the cmdr could be changed to understand a simple syntax in the comment string and use portions of the comment as control sequences.\n\n__example__\n\nthe command with a comment = \"this is a normal knob. [__col__:lightblue][__cat__:knob,toprow,macroknob][__lock__:1]\"\n\nshould appear in the mapping table with the comment \"this is a normal knob.\". the content in brackets is parsed as key:value data. \n\n* __col__ for example defines in which font or bg color this row should have. if it does not match a color keyword it´s ignored\n*  __cat__ on the other hand could be used to contain comma-separated categorie labels. hence, the command in discussion is tied to the categories \"knob\", \"toprow\" and \"macroknob\"\n* __lock__ could be a flag to lock down the command to disable accidental changes to it´s settings or binding but still allowing it to be part of a selection\n\nthe advantage of this approach is that the tsi file itself contains the colors and categories while being as flexible als bass in how to tag and colorcode the files while editing.\n\nin the traktor controller manager the comment string would reveal all it´s ugliness but with a cmdr at hand, what does this matter ? xD\n\npersonally i´d find a [__cat__:fixme] quite handy but i know this feature would introduce a load of consequences. what do you think?",
    "LastUpdatedDate": "2017-11-29T01:44:28.827-08:00",
    "PlannedForRelease": "",
    "ReleaseVisibleToPublic": false,
    "Priority": {
      "Name": "High",
      "Severity": 150,
      "Id": 3
    },
    "ProjectName": "cmdr",
    "ReportedDate": "2016-06-14T01:26:53.99-07:00",
    "Status": {
      "Name": "Active",
      "Id": 2
    },
    "ReasonClosed": {
      "Name": "Unassigned"
    },
    "Summary": "[feature] color-coding and tagging using the comment field",
    "Type": {
      "Name": "Feature",
      "Id": 1
    },
    "VoteCount": 3,
    "Id": 625
  },
  "FileAttachments": [],
  "Comments": []
}