{
  "WorkItem": {
    "AffectedComponent": {
      "Name": "",
      "DisplayName": ""
    },
    "ClosedComment": "",
    "ClosedDate": "2016-05-31T04:16:19.107-07:00",
    "CommentCount": 0,
    "Custom": null,
    "Description": "cmdr v0.6\n\n__problem__ \n\nselecting multiple commands with different MIDI bindings of the same channel updates the \"Details\" panel so that the user sees the Channel dropdown. assuming this allows to change the channel of all selected bindings. this is a common use case when reorganizing mappings.\n\nbut using this dropdown input resets all the bindings right now.\n\n__expected behaviour__\n\neither the channel dropdown is hidden or it updates only the channel of the bindings in the selection",
    "LastUpdatedDate": "2017-11-29T01:44:27.507-08:00",
    "PlannedForRelease": "",
    "ReleaseVisibleToPublic": false,
    "Priority": {
      "Name": "High",
      "Severity": 150,
      "Id": 3
    },
    "ProjectName": "cmdr",
    "ReportedDate": "2016-04-25T05:01:24.24-07:00",
    "Status": {
      "Name": "Closed",
      "Id": 4
    },
    "ReasonClosed": {
      "Name": "Fixed"
    },
    "Summary": "Channel change for multiple MIDI bindings",
    "Type": {
      "Name": "Issue",
      "Id": 3
    },
    "VoteCount": 1,
    "Id": 569
  },
  "FileAttachments": [],
  "Comments": []
}