{
  "WorkItem": {
    "AffectedComponent": {
      "Name": "",
      "DisplayName": ""
    },
    "ClosedComment": "",
    "ClosedDate": "2016-06-30T02:08:13.843-07:00",
    "CommentCount": 0,
    "Custom": null,
    "Description": "Hi.\nAmazing work you're doing guys.. Keep it up!\n\nI had a problem right after downloading the app..\nI opened the mapping for my controller and a popup showed up saying \"The TSI file you want to load uses effects but does not identify them\".\nI didn't really know what to choose from the options given, so I chose \"Use Traktor Settings\", since I probably will want to change effect related stuff at some point..\n\nAnyway, right after that I saved the file with a different name cause I wanna keep the original as a backup, and the next time I tried opening it an error popup with a simple \"Cannot open file\" showed up.\n\nI opened the source code in VS (I'm a developer), and I've stepped through it a little bit and have chased the error up to this piece of code in AListXmlEntry.cs:\n\n```\n        protected sealed override List<T> Decode(string value)\n        {\n            return value.Split(';').Select(s => DecodeListItem(s)).ToList();\n        }\n\n```\nThe entry being decoded is '<Entry Name=\"Audio.FX.Selection\" Type=\"5\" Value=\"\"></Entry>' which as you can see has an empty Value attribute (this sounds like it has to do with the selection I made when opening the original file?).\nAnyway, of course the expression causes an exception on the empty string, so that's what causes the not very descriptive error to show up.\n\nI changed the method to look like this:\n\n```\n        protected sealed override List<T> Decode(string value)\n        {\n            var ret = default(List<T>);\n            if( !string.IsNullOrEmpty(value) )\n                ret = value.Split(';').Select(s => DecodeListItem(s)).ToList();\n            return ret;\n        }\n```\n\nand the file seems to open without errors. Of course I don't really know what I'm doing, so I leave to you what the best next step should be :)\nPlease help on how to proceed..\n\nI'll take the chance to say that I'm a professional C# dev with 3 years of working experience, so if you accept contributions maybe I could lend a hand from time to time?\n\nAs I said, keep up the excellent work.\nCheers!",
    "LastUpdatedDate": "2017-11-29T01:44:29.18-08:00",
    "PlannedForRelease": "",
    "ReleaseVisibleToPublic": false,
    "Priority": {
      "Name": "High",
      "Severity": 150,
      "Id": 3
    },
    "ProjectName": "cmdr",
    "ReportedDate": "2016-06-27T13:40:38.313-07:00",
    "Status": {
      "Name": "Closed",
      "Id": 4
    },
    "ReasonClosed": {
      "Name": "Unassigned"
    },
    "Summary": "Can't open file saved with the app",
    "Type": {
      "Name": "Issue",
      "Id": 3
    },
    "VoteCount": 1,
    "Id": 631
  },
  "FileAttachments": [],
  "Comments": [
    {
      "Message": "Hi chopsueysensei,\r\n\r\nthanks for your detailed bug description and fix proposal. I've never expected the fx selection list to be empty. How do you use fx in Traktor if this list is empty? Or does the entry in your Traktor Settings tsi differ from the preferences inside of Traktor (see [Pre-Selected Effects](http://blog.dubspot.com/files/2012/01/FX-Pre-Selection-Traktor.png))?\r\n\r\nRegarding the option to choose on file load: you can choose the third option (\"open as is\") and as soon as you decide to add fx mappings, you can load the file again with one of the other options, i.e. the file is not converted irreversibly no matter what you choose.\r\n\r\nThanks for your contribution offer. Maybe we can have a talk about an upcoming undo feature. I would like to know if you have any experience with this.",
      "PostedDate": "2016-06-28T23:15:49.37-07:00",
      "Id": -2147483648
    },
    {
      "Message": "Well its very strange because I have all effects preselected (just as in the picture you linked)\nFurthermore, this only happens when opening a tsi that was saved from the app, not the one I originally exported from Traktor (even if I dont make any change before saving)\r\n\r\nAs for the undo feature, that sounds like a perfect candidate for the Command pattern..\nhttp://gameprogrammingpatterns.com/command.html\n",
      "PostedDate": "2016-06-29T11:37:14.02-07:00",
      "Id": -2147483648
    },
    {
      "Message": "",
      "PostedDate": "2016-06-30T02:05:28.153-07:00",
      "Id": -2147483648
    },
    {
      "Message": "Aufgelöst mit Changeset 41008: [fix] Issue 631: Opening files with empty FX selection list.",
      "PostedDate": "2016-06-30T02:08:13.843-07:00",
      "Id": -2147483648
    },
    {
      "Message": "",
      "PostedDate": "2017-11-29T01:44:29.18-08:00",
      "Id": -2147483648
    }
  ]
}