{
  "WorkItem": {
    "AffectedComponent": {
      "Name": "",
      "DisplayName": ""
    },
    "ClosedComment": "",
    "ClosedDate": "2016-08-02T00:40:01.983-07:00",
    "CommentCount": 0,
    "Custom": "fixed in Changeset 43622",
    "Description": "simple but handy: a list of the last four opened tsi files in the file menu would be nice for cmdr v1.0",
    "LastUpdatedDate": "2017-11-29T01:44:29.29-08:00",
    "PlannedForRelease": "",
    "ReleaseVisibleToPublic": false,
    "Priority": {
      "Name": "Low",
      "Severity": 50,
      "Id": 1
    },
    "ProjectName": "cmdr",
    "ReportedDate": "2016-07-07T14:11:53.653-07:00",
    "Status": {
      "Name": "Closed",
      "Id": 4
    },
    "ReasonClosed": {
      "Name": "Fixed"
    },
    "Summary": "recent files",
    "Type": {
      "Name": "Feature",
      "Id": 1
    },
    "VoteCount": 1,
    "Id": 635
  },
  "FileAttachments": [],
  "Comments": []
}