{
  "WorkItem": {
    "AffectedComponent": {
      "Name": "",
      "DisplayName": ""
    },
    "ClosedComment": "Done",
    "ClosedDate": "2016-05-15T13:01:42.92-07:00",
    "CommentCount": 0,
    "Custom": null,
    "Description": "cmdr v0.6\n\n__problem__\n\nwhen selecting multiple commands (in the mappings table) the \"Details\" panel gets updated so that the conditions which are congruent will be shown and all other are hidden. that leads to erroneus assumptions to update that conditions.\n\nalso, if the conditions in the selected commands do not match, the fallback happens: Conditions 1 and 2 look like free to choose but that would in fact overwrite the current ones.\n\n__expected behaviour__\n\nafter selecting multiple commands following cases can occur\n\n* all commands have no condition set on condition 1, so the button 1 is open like it is now\n* all commands have the same condition 1 set, so the button is open and the condition is shown like it is now\n* some commands have condition 1 set and some not and/or the conditions on 1 differ. that should lead to button menu modification as described below:\n\nthe button itself should indicate there´s a special case, maybe darker bg color. the button menu for condition 1 should be updated like this:\n\n* Deck Common\n* FX Unit\n* Modifier\n* Remix Deck\n* None\n* ----\n* Selected Conditions (where it lists all Condition 1 stats found in the selection)",
    "LastUpdatedDate": "2016-05-15T13:01:42.92-07:00",
    "PlannedForRelease": "",
    "ReleaseVisibleToPublic": false,
    "Priority": {
      "Name": "Low",
      "Severity": 50,
      "Id": 1
    },
    "ProjectName": "cmdr",
    "ReportedDate": "2016-04-25T05:13:43.81-07:00",
    "Status": {
      "Name": "Closed",
      "Id": 4
    },
    "ReasonClosed": {
      "Name": "Fixed"
    },
    "Summary": "condition signaling on commands selection",
    "Type": {
      "Name": "Feature",
      "Id": 1
    },
    "VoteCount": 1,
    "Id": 570
  },
  "FileAttachments": [],
  "Comments": [
    {
      "Message": "Done",
      "PostedDate": "2016-05-15T13:00:35.643-07:00",
      "Id": -2147483648
    },
    {
      "Message": "",
      "PostedDate": "2016-05-15T13:01:42.92-07:00",
      "Id": -2147483648
    }
  ]
}