{
  "WorkItem": {
    "AffectedComponent": {
      "Name": "",
      "DisplayName": ""
    },
    "ClosedComment": "",
    "ClosedDate": null,
    "CommentCount": 0,
    "Custom": null,
    "Description": "as user it´s difficult to figure out what exactly has focus in a given moment. is it the devices panel, the mappings panel or the mapping editor? thus resulting in user error i.e. copy and paste operations not working as expected.\n\nthat could be avoided if the cmdr indicated the current focus using the blue-ish highlight color like it is now, for when the focus is true and a darker/grayer version for when the focus is lost. that would allow the user to learn what is going on.",
    "LastUpdatedDate": "2017-06-28T10:48:44.967-07:00",
    "PlannedForRelease": "",
    "ReleaseVisibleToPublic": false,
    "Priority": {
      "Name": "Low",
      "Severity": 50,
      "Id": 1
    },
    "ProjectName": "cmdr",
    "ReportedDate": "2016-07-09T02:48:36.59-07:00",
    "Status": {
      "Name": "Proposed",
      "Id": 1
    },
    "ReasonClosed": {
      "Name": "Unassigned"
    },
    "Summary": "[ui] indicate focus",
    "Type": {
      "Name": "Issue",
      "Id": 3
    },
    "VoteCount": 2,
    "Id": 636
  },
  "FileAttachments": [],
  "Comments": []
}