{
  "WorkItem": {
    "AffectedComponent": {
      "Name": "",
      "DisplayName": ""
    },
    "ClosedComment": "",
    "ClosedDate": null,
    "CommentCount": 0,
    "Custom": null,
    "Description": "next to the buttons __Add In__ and __Add Out__ there´s space for a nice button like __Favourites__ that could make mapping even smoother. a few ways, a favourites tree could grow like:\n\n\n* every command in the mappings datagrid can be right-clicked and marked as \"favourite\", hence that particular command like i.e. \"Record (Loop Recorder)\" would be added to a plain list that builds the root layer of the favourites menu.\n* opening the menu in __Add In__ and __Add Out__ could allow a category  to be \"pinned\" to the favourites menu via right click. (so you can save a few clicks when, i.e. have to create some Remix Deck Slot Triggers out of Remix Deck > Direct Mapping > Slot 1 because you could mark the Slot 1 submenu to appear inside the favourites menu as well)\n* give the option in the settings window to select a special tsi file that contains some devices and commands, the favourites menu would build out of this tsi file as follows:\n1 every device counts as category in the favourites menu (which is named after the device comment/name)\n2 every distinct command inside the device will be listed in that particular order inside the fav´s category, and if the command has a comment given, take this for the label in the menu\n3 empty devices or double commands are skipped\n\nwhat do you think?",
    "LastUpdatedDate": "2016-07-07T11:33:04.3-07:00",
    "PlannedForRelease": "",
    "ReleaseVisibleToPublic": false,
    "Priority": {
      "Name": "Medium",
      "Severity": 100,
      "Id": 2
    },
    "ProjectName": "cmdr",
    "ReportedDate": "2016-07-07T11:31:53.407-07:00",
    "Status": {
      "Name": "Proposed",
      "Id": 1
    },
    "ReasonClosed": {
      "Name": "Unassigned"
    },
    "Summary": "favourite commands",
    "Type": {
      "Name": "Feature",
      "Id": 1
    },
    "VoteCount": 1,
    "Id": 634
  },
  "FileAttachments": [],
  "Comments": []
}