{
  "WorkItem": {
    "AffectedComponent": {
      "Name": "",
      "DisplayName": ""
    },
    "ClosedComment": "",
    "ClosedDate": "2016-11-05T22:08:21.733-07:00",
    "CommentCount": 0,
    "Custom": null,
    "Description": "cmdr v0.9\n\nsteps to reproduce:\n* copy encoder-style commands from a default mapping of Traktor (or just insert a command with encoder-style)\n* paste into a generic MIDI tsi file and do not define the MIDI binding (so there is none on any encoder-style commands)\n* save, close the tab in cmdr and try to re-open\n\na file to investigate in the attachment.",
    "LastUpdatedDate": "2016-11-05T22:08:21.733-07:00",
    "PlannedForRelease": "",
    "ReleaseVisibleToPublic": false,
    "Priority": {
      "Name": "Unassigned",
      "Severity": 0,
      "Id": 0
    },
    "ProjectName": "cmdr",
    "ReportedDate": "2016-09-15T08:44:47.79-07:00",
    "Status": {
      "Name": "Closed",
      "Id": 4
    },
    "ReasonClosed": {
      "Name": "Unassigned"
    },
    "Summary": "\"could not open file\" after pasting default mapping encoder cmd",
    "Type": {
      "Name": "Unassigned",
      "Id": 5
    },
    "VoteCount": 1,
    "Id": 678
  },
  "FileAttachments": [
    {
      "FileId": 133,
      "FileName": "encoder test from default mapping.tsi",
      "DownloadUrl": ".\\133"
    }
  ],
  "Comments": [
    {
      "Message": "Aufgelöst mit Changeset 44375: [fix] Initialization of EncoderMode",
      "PostedDate": "2016-11-05T22:08:21.733-07:00",
      "Id": -2147483648
    }
  ]
}