[
  {
    "Id": 569,
    "Title": "Channel change for multiple MIDI bindings"
  },
  {
    "Id": 570,
    "Title": "condition signaling on commands selection"
  },
  {
    "Id": 606,
    "Title": "Encoder Mode Error"
  },
  {
    "Id": 608,
    "Title": "[minor] improvements to the \"mapped to\" area"
  },
  {
    "Id": 609,
    "Title": "[minor] drap/drop devices"
  },
  {
    "Id": 623,
    "Title": "[macro] clone to deck/unit"
  },
  {
    "Id": 624,
    "Title": "[feature] save metadata in comment fields"
  },
  {
    "Id": 625,
    "Title": "[feature] color-coding and tagging using the comment field"
  },
  {
    "Id": 627,
    "Title": "exception on MIDI learn"
  },
  {
    "Id": 628,
    "Title": "bug report (encoders, tsi open)"
  },
  {
    "Id": 631,
    "Title": "Can't open file saved with the app"
  },
  {
    "Id": 634,
    "Title": "favourite commands"
  },
  {
    "Id": 635,
    "Title": "recent files"
  },
  {
    "Id": 636,
    "Title": "[ui] indicate focus"
  },
  {
    "Id": 638,
    "Title": "'Override Factory Map' has an inverted display"
  },
  {
    "Id": 639,
    "Title": "Rotary Sensitivity always set to 100%"
  },
  {
    "Id": 647,
    "Title": "Traktor Settings.tsi: allow \"none\" for device ports"
  },
  {
    "Id": 657,
    "Title": "set MIDI binding when using \"Add Out\""
  },
  {
    "Id": 662,
    "Title": "[feature] inc/dec for bindings"
  },
  {
    "Id": 663,
    "Title": "[feature] inc/dec for bindings"
  },
  {
    "Id": 664,
    "Title": "[advanced option] apply ranges"
  },
  {
    "Id": 677,
    "Title": "cmd search crashes cmdr"
  },
  {
    "Id": 678,
    "Title": "\"could not open file\" after pasting default mapping encoder cmd"
  },
  {
    "Id": 709,
    "Title": "new commands in Traktor 2.11"
  },
  {
    "Id": 721,
    "Title": "program crash on file / open"
  },
  {
    "Id": 758,
    "Title": "Value Slider and Edit label Value only 0..1"
  }
]