{
  "WorkItem": {
    "AffectedComponent": {
      "Name": "",
      "DisplayName": ""
    },
    "ClosedComment": "",
    "ClosedDate": null,
    "CommentCount": 0,
    "Custom": null,
    "Description": "on 0.9.5. it crashes on file/open.\nopening a file by drag/drop from explorer works fine. Then it crashes on file/save.\n\nthanks...\n\nProblem signature:\n  Problem Event Name:\tCLR20r3\n  Problem Signature 01:\tcmdr.exe\n  Problem Signature 02:\t0.9.5.0\n  Problem Signature 03:\t581f6d97\n  Problem Signature 04:\tOokii.Dialogs.Wpf\n  Problem Signature 05:\t1.0.0.0\n  Problem Signature 06:\t49803e54\n  Problem Signature 07:\t1fd\n  Problem Signature 08:\t2a\n  Problem Signature 09:\tSystem.ComponentModel.Win32\n  OS Version:\t6.1.7601.2.1.0.256.4\n  Locale ID:\t6153\n  Additional Information 1:\t0a9e\n  Additional Information 2:\t0a9e372d3b4ad19135b953a78882e789\n  Additional Information 3:\t0a9e\n  Additional Information 4:\t0a9e372d3b4ad19135b953a78882e789\n\nRead our privacy statement online:\n  http://go.microsoft.com/fwlink/?linkid=104288&clcid=0x0409\n\nIf the online privacy statement is not available, please read our privacy statement offline:\n  C:\\Windows\\system32\\en-US\\erofflps.txt",
    "LastUpdatedDate": "2017-11-29T01:44:30.177-08:00",
    "PlannedForRelease": "cmdr v0.9.5",
    "ReleaseVisibleToPublic": true,
    "Priority": {
      "Name": "Medium",
      "Severity": 100,
      "Id": 2
    },
    "ProjectName": "cmdr",
    "ReportedDate": "2017-01-09T11:28:53.227-08:00",
    "Status": {
      "Name": "Proposed",
      "Id": 1
    },
    "ReasonClosed": {
      "Name": "Unassigned"
    },
    "Summary": "program crash on file / open",
    "Type": {
      "Name": "Issue",
      "Id": 3
    },
    "VoteCount": 1,
    "Id": 721
  },
  "FileAttachments": [],
  "Comments": [
    {
      "Message": "Is there a free Visual C++ Studio I can compile this? then I can try to debug this particular problem, and submit a patch",
      "PostedDate": "2017-03-06T12:40:40.787-08:00",
      "Id": -2147483648
    },
    {
      "Message": "",
      "PostedDate": "2017-11-29T01:44:30.177-08:00",
      "Id": -2147483648
    }
  ]
}