{
  "WorkItem": {
    "AffectedComponent": {
      "Name": "",
      "DisplayName": ""
    },
    "ClosedComment": "",
    "ClosedDate": null,
    "CommentCount": 0,
    "Custom": null,
    "Description": "__Requirements for metadata:__\n\nMusts:\n* must not be editable or deletable by user directly\n* must not interfere with Traktor\n* must survive an export from Traktor Controller Manager\n* must be device-wide\n* must be in JSON format (string)\n\nShoulds:\n* should not be visible in Traktor\n* should reside in tsi file for maximum portability",
    "LastUpdatedDate": "2017-11-29T01:44:28.667-08:00",
    "PlannedForRelease": "",
    "ReleaseVisibleToPublic": false,
    "Priority": {
      "Name": "High",
      "Severity": 150,
      "Id": 3
    },
    "ProjectName": "cmdr",
    "ReportedDate": "2016-06-14T01:26:09.087-07:00",
    "Status": {
      "Name": "Active",
      "Id": 2
    },
    "ReasonClosed": {
      "Name": "Unassigned"
    },
    "Summary": "[feature] save metadata in comment fields",
    "Type": {
      "Name": "Feature",
      "Id": 1
    },
    "VoteCount": 3,
    "Id": 624
  },
  "FileAttachments": [],
  "Comments": []
}