{
  "WorkItem": {
    "AffectedComponent": {
      "Name": "",
      "DisplayName": ""
    },
    "ClosedComment": "",
    "ClosedDate": "2016-08-11T06:10:43.15-07:00",
    "CommentCount": 0,
    "Custom": null,
    "Description": "since we have the __Advanced Options__ button now, let´s fill it with some handy functionality.\n\none thing i´d envision to be helpful would be __apply range__ for MIDI binding. it goes like this:\n\n* select two or more commands to be mapped\n* check the order of the selection (the order would determine the note/cc later)\n* Advanced Options > \"Apply Range (increasing)\"\n\nwhich then looks for the first MIDI binding in the selection. if found, the following selected mappings will receive increasing MIDI bindings. this makes binding i.e. 16 consecutive knobs or buttons easier than ever since only the first one would be bound conventionally and the rest would be applied by cmdr.\n\n__example__\n(showing the selected commands, and the resulting bindings after Apply Range (inc)\n* FX 1 Unit On bound to \"CH01.CC.64\"\n* FX 2 Unit On -> \"CH01.CC.65\" (no matter what was bound before because the Apply Range was triggered)\n* FX 3 Unit On -> \"CH01.CC.66\"\n* FX 4 Unit On -> \"CH01.CC.67\"\n\nmight this be useful for someone else?",
    "LastUpdatedDate": "2017-11-29T01:44:30.03-08:00",
    "PlannedForRelease": "",
    "ReleaseVisibleToPublic": false,
    "Priority": {
      "Name": "Low",
      "Severity": 50,
      "Id": 1
    },
    "ProjectName": "cmdr",
    "ReportedDate": "2016-08-11T02:41:07.223-07:00",
    "Status": {
      "Name": "Closed",
      "Id": 4
    },
    "ReasonClosed": {
      "Name": "Unassigned"
    },
    "Summary": "[advanced option] apply ranges",
    "Type": {
      "Name": "Feature",
      "Id": 1
    },
    "VoteCount": 1,
    "Id": 664
  },
  "FileAttachments": [],
  "Comments": [
    {
      "Message": "Aufgelöst mit Changeset 43716: [fix] MidiBindingEditor: initialization of proprietary definitions broke in last changeset.\n\nAdded feature to apply a range of Midi notes for generic Midi bindings. If more than one mapping entry is selected, the first is taken as basis for subsequent increase of CC values / keys.\nAdded corresponding option \"Apply Midi Range\" to \"Advanced Options\" menu.",
      "PostedDate": "2016-08-11T06:10:43.15-07:00",
      "Id": -2147483648
    },
    {
      "Message": "",
      "PostedDate": "2017-11-29T01:44:30.03-08:00",
      "Id": -2147483648
    }
  ]
}