{
  "WorkItem": {
    "AffectedComponent": {
      "Name": "",
      "DisplayName": ""
    },
    "ClosedComment": "",
    "ClosedDate": "2016-08-02T01:59:03.53-07:00",
    "CommentCount": 0,
    "Custom": "Already implemented since Changeset 38443",
    "Description": "the classy feature that you can use Add Out for a selected In command should set the MIDI binding to what the In command is set to (if so).\n\ni.e. you select \"Filter On\" as the command you already mapped and bound to Ch01.C0 then you use the Add Out -> \"Filter On\" option, it should be bound to Ch01.C0 already. just a simple tweak.",
    "LastUpdatedDate": "2016-08-02T01:59:03.53-07:00",
    "PlannedForRelease": "",
    "ReleaseVisibleToPublic": false,
    "Priority": {
      "Name": "Low",
      "Severity": 50,
      "Id": 1
    },
    "ProjectName": "cmdr",
    "ReportedDate": "2016-07-28T04:00:23.713-07:00",
    "Status": {
      "Name": "Closed",
      "Id": 4
    },
    "ReasonClosed": {
      "Name": "Unassigned"
    },
    "Summary": "set MIDI binding when using \"Add Out\"",
    "Type": {
      "Name": "Issue",
      "Id": 3
    },
    "VoteCount": 1,
    "Id": 657
  },
  "FileAttachments": [
    {
      "FileId": 125,
      "FileName": "add out to in.PNG",
      "DownloadUrl": ".\\125"
    }
  ],
  "Comments": []
}