{
  "WorkItem": {
    "AffectedComponent": {
      "Name": "",
      "DisplayName": ""
    },
    "ClosedComment": "",
    "ClosedDate": "2016-06-03T03:59:17.557-07:00",
    "CommentCount": 0,
    "Custom": null,
    "Description": "cmdr v0.8\n\n__current behaviour__\n\nthe device order depdends on create history. if you´d like to put the oldest device to the end of the list, you´d need to create a new one (which will be added at the end of the list), set the In/Out Ports and comment accordingly, and then drag/drop the commands\n\n__expected behaviour__\n\nsince drag/drop for commands works, it would be nice if the devices list allowed drag/drop as well (not necessarily between files, which would be an extra gimmick)",
    "LastUpdatedDate": "2017-11-29T01:44:28.407-08:00",
    "PlannedForRelease": "",
    "ReleaseVisibleToPublic": false,
    "Priority": {
      "Name": "Unassigned",
      "Severity": 0,
      "Id": 0
    },
    "ProjectName": "cmdr",
    "ReportedDate": "2016-05-28T05:39:04.187-07:00",
    "Status": {
      "Name": "Closed",
      "Id": 4
    },
    "ReasonClosed": {
      "Name": "Fixed"
    },
    "Summary": "[minor] drap/drop devices",
    "Type": {
      "Name": "Feature",
      "Id": 1
    },
    "VoteCount": 1,
    "Id": 609
  },
  "FileAttachments": [],
  "Comments": []
}