{
  "WorkItem": {
    "AffectedComponent": {
      "Name": "",
      "DisplayName": ""
    },
    "ClosedComment": "",
    "ClosedDate": "2016-11-05T23:31:50.22-07:00",
    "CommentCount": 0,
    "Custom": null,
    "Description": "lets figure out the Remix Deck step sequencer commands and build them into cmdr",
    "LastUpdatedDate": "2016-11-05T23:31:50.22-07:00",
    "PlannedForRelease": "cmdr v0.9",
    "ReleaseVisibleToPublic": true,
    "Priority": {
      "Name": "Medium",
      "Severity": 100,
      "Id": 2
    },
    "ProjectName": "cmdr",
    "ReportedDate": "2016-11-02T06:13:14.32-07:00",
    "Status": {
      "Name": "Closed",
      "Id": 4
    },
    "ReasonClosed": {
      "Name": "Unassigned"
    },
    "Summary": "new commands in Traktor 2.11",
    "Type": {
      "Name": "Feature",
      "Id": 1
    },
    "VoteCount": 1,
    "Id": 709
  },
  "FileAttachments": [],
  "Comments": [
    {
      "Message": "Aufgelöst mit Changeset 44379: Added new commands and conditions for Traktor 2.11 (Step Sequencer + Ableton Link)",
      "PostedDate": "2016-11-05T23:31:50.22-07:00",
      "Id": -2147483648
    }
  ]
}