{
  "WorkItem": {
    "AffectedComponent": {
      "Name": "",
      "DisplayName": ""
    },
    "ClosedComment": "",
    "ClosedDate": null,
    "CommentCount": 0,
    "Custom": null,
    "Description": "Just tested cmdr on my 1639 mappings TSI... ;-)\n\nEvery Value like \"Set Master Tempo = 40\" shows the correct value in Command \nbut only -1.0..1.0 [1.000] is shown in Mapping Editor Settings :(",
    "LastUpdatedDate": "2017-09-09T05:33:58.933-07:00",
    "PlannedForRelease": "",
    "ReleaseVisibleToPublic": false,
    "Priority": {
      "Name": "Unassigned",
      "Severity": 0,
      "Id": 0
    },
    "ProjectName": "cmdr",
    "ReportedDate": "2017-06-27T11:10:51.73-07:00",
    "Status": {
      "Name": "Proposed",
      "Id": 1
    },
    "ReasonClosed": {
      "Name": "Unassigned"
    },
    "Summary": "Value Slider and Edit label Value only 0..1",
    "Type": {
      "Name": "Unassigned",
      "Id": 5
    },
    "VoteCount": 1,
    "Id": 758
  },
  "FileAttachments": [
    {
      "FileId": 146,
      "FileName": "Value bug.jpg",
      "DownloadUrl": ".\\146"
    },
    {
      "FileId": 148,
      "FileName": "cmdr-v0.96-test.zip",
      "DownloadUrl": ".\\148"
    },
    {
      "FileId": 149,
      "FileName": "cmdr-v0.96-test Value below slider.jpg",
      "DownloadUrl": ".\\149"
    }
  ],
  "Comments": [
    {
      "Message": "hey, i just compiled a version of cmdr with that Master Tempo range fixed",
      "PostedDate": "2017-08-28T07:55:09.98-07:00",
      "Id": -2147483648
    },
    {
      "Message": "",
      "PostedDate": "2017-08-28T10:05:53.893-07:00",
      "Id": -2147483648
    },
    {
      "Message": "Super - nice work :)\nonly the scale beneath the slider is scrambled ;-)\r\n\r\nController Ranges are fine...\r\n\r\nThanks and keep on doing!\r\n\r\nWalter",
      "PostedDate": "2017-08-28T10:05:54.297-07:00",
      "Id": -2147483648
    },
    {
      "Message": "Hey guys,\r\n\r\ngreat, that you're helping each other. I'll try to come up with a nice solution next weekend.\r\n\r\nStay tuned :)",
      "PostedDate": "2017-08-28T10:36:49.933-07:00",
      "Id": -2147483648
    },
    {
      "Message": "Fixed in new version. Moved to GitHub. Find new version [here](https://github.com/TakTraum/cmdr/releases/latest).\nThe Codeplex repository will be closed soon.",
      "PostedDate": "2017-09-09T05:33:58.933-07:00",
      "Id": -2147483648
    }
  ]
}