[
  {
    "Title": "Effects",
    "Id": "1898136",
    "ParentWikiTitle": "User Guide",
    "FileExtension": "codeplexwiki",
    "UpdatedDate": "2017-01-10T08:16:57.31-08:00",
    "FileAttachments": []
  },
  {
    "Title": "User Guide",
    "Id": "1898134",
    "ParentWikiTitle": "Documentation",
    "FileExtension": "codeplexwiki",
    "UpdatedDate": "2017-01-10T08:05:42.257-08:00",
    "FileAttachments": []
  },
  {
    "Title": "faq",
    "Id": "1883865",
    "ParentWikiTitle": "Documentation",
    "FileExtension": "codeplexwiki",
    "UpdatedDate": "2016-09-15T23:38:56.373-07:00",
    "FileAttachments": []
  },
  {
    "Title": "Home",
    "Id": "1876989",
    "ParentWikiTitle": "Home",
    "FileExtension": "codeplexwiki",
    "UpdatedDate": "2016-07-23T06:03:44.447-07:00",
    "FileAttachments": []
  },
  {
    "Title": "midimapping",
    "Id": "1864090",
    "ParentWikiTitle": "User Guide",
    "FileExtension": "codeplexwiki",
    "UpdatedDate": "2016-05-04T06:05:02.58-07:00",
    "FileAttachments": []
  },
  {
    "Title": "Documentation",
    "Id": "1863400",
    "ParentWikiTitle": "Documentation",
    "FileExtension": "codeplexwiki",
    "UpdatedDate": "2016-04-28T06:17:46.26-07:00",
    "FileAttachments": []
  }
]
