{
  "WorkItem": {
    "AffectedComponent": {
      "Name": "",
      "DisplayName": ""
    },
    "ClosedComment": "",
    "ClosedDate": "2016-06-13T03:19:26.163-07:00",
    "CommentCount": 0,
    "Custom": "Won't be implemented as clone function but as change to selected mappings' assignment as well as condition assignments (1&2).",
    "Description": "using this editor since the one first iterations one feature keeps popping up in my wishlist:\n\ntaking out the repetitive work of mapping a feature from the prototype deck or fx unit to the other (three) ones. would´nt it be cool to have a function \"clone to deck/unit\" that takes the selected (valid) commands that exist on, let´s say Deck A, and shows a small popup like this:\n\nclone <n> commands to: \n_Deck A [-]_    Deck B [x]\nDeck C [ ]     Deck D [ ]\n\nthiss is more a kind of a editor macro. so, if Deck B is selected, the respective commands are copied and assigned to Deck B, just like ordinary copy/paste. also any condition regarding Deck A is changed to Deck B.\n\njust noting that this is a nice to have.",
    "LastUpdatedDate": "2017-11-29T01:44:28.537-08:00",
    "PlannedForRelease": "",
    "ReleaseVisibleToPublic": false,
    "Priority": {
      "Name": "Medium",
      "Severity": 100,
      "Id": 2
    },
    "ProjectName": "cmdr",
    "ReportedDate": "2016-06-13T01:57:36.24-07:00",
    "Status": {
      "Name": "Closed",
      "Id": 4
    },
    "ReasonClosed": {
      "Name": "Fixed"
    },
    "Summary": "[macro] clone to deck/unit",
    "Type": {
      "Name": "Feature",
      "Id": 1
    },
    "VoteCount": 1,
    "Id": 623
  },
  "FileAttachments": [],
  "Comments": []
}