{
  "WorkItem": {
    "AffectedComponent": {
      "Name": "",
      "DisplayName": ""
    },
    "ClosedComment": "",
    "ClosedDate": "2016-07-19T04:48:34.163-07:00",
    "CommentCount": 0,
    "Custom": null,
    "Description": "you could use cmdr to easily manage all the active devices inside the _Traktor Settings.tsi_ file but one little thing is missing:\n\nright now, cmdr does not allow to set the device´s MIDI In and Out ports to \"None\". you can only select MIDI devices visible to the OS or \"All Ports\". In Traktor Controller Manager you can set this to \"None\", effectively disabling the device without removing it.\n\nwith that, the Controller Manager should be replaced completely -- and you can manage all loaded devices inside cmdr at once.",
    "LastUpdatedDate": "2017-11-29T01:44:29.673-08:00",
    "PlannedForRelease": "",
    "ReleaseVisibleToPublic": false,
    "Priority": {
      "Name": "Low",
      "Severity": 50,
      "Id": 1
    },
    "ProjectName": "cmdr",
    "ReportedDate": "2016-07-18T05:46:21.53-07:00",
    "Status": {
      "Name": "Closed",
      "Id": 4
    },
    "ReasonClosed": {
      "Name": "Fixed"
    },
    "Summary": "Traktor Settings.tsi: allow \"none\" for device ports",
    "Type": {
      "Name": "Feature",
      "Id": 1
    },
    "VoteCount": 1,
    "Id": 647
  },
  "FileAttachments": [],
  "Comments": [
    {
      "Message": "Aufgelöst mit Changeset 42986: Added option \"None\" to device ports (In & Out)",
      "PostedDate": "2016-07-19T04:48:34.163-07:00",
      "Id": -2147483648
    },
    {
      "Message": "",
      "PostedDate": "2016-07-19T04:49:14.337-07:00",
      "Id": -2147483648
    },
    {
      "Message": "",
      "PostedDate": "2017-11-29T01:44:29.673-08:00",
      "Id": -2147483648
    }
  ]
}