{
  "WorkItem": {
    "AffectedComponent": {
      "Name": "",
      "DisplayName": ""
    },
    "ClosedComment": "",
    "ClosedDate": "2016-06-30T02:29:55.11-07:00",
    "CommentCount": 0,
    "Custom": "MIDI",
    "Description": "cmdr v0.8 and below\n\n__problem__\ncmdr stops working when using MIDI Learn function on an IN port that sends MIDI messages other than Note On/Off and Control Change.\nit happened on system realtime messages like \"timing clock\", \"continue\" and \"stop\" produced by the sequencer section of an Arturia Beatstep.\n\n_solution_\nadd possibility to filter out different MIDI messages that should not be accepted as \"learned\".",
    "LastUpdatedDate": "2017-11-29T01:44:28.93-08:00",
    "PlannedForRelease": "",
    "ReleaseVisibleToPublic": false,
    "Priority": {
      "Name": "Medium",
      "Severity": 100,
      "Id": 2
    },
    "ProjectName": "cmdr",
    "ReportedDate": "2016-06-17T03:01:13.057-07:00",
    "Status": {
      "Name": "Closed",
      "Id": 4
    },
    "ReasonClosed": {
      "Name": "Unassigned"
    },
    "Summary": "exception on MIDI learn",
    "Type": {
      "Name": "Issue",
      "Id": 3
    },
    "VoteCount": 1,
    "Id": 627
  },
  "FileAttachments": [],
  "Comments": [
    {
      "Message": "Aufgelöst mit Changeset 41015: [fix] Issue 627: exception on MIDI learn\n[fix] Simultaneous MIDI learn of multiple mappings",
      "PostedDate": "2016-06-30T02:29:55.11-07:00",
      "Id": -2147483648
    },
    {
      "Message": "",
      "PostedDate": "2017-11-29T01:44:28.93-08:00",
      "Id": -2147483648
    }
  ]
}