{
  "WorkItem": {
    "AffectedComponent": {
      "Name": "",
      "DisplayName": ""
    },
    "ClosedComment": "",
    "ClosedDate": "2016-05-29T07:04:56.55-07:00",
    "CommentCount": 0,
    "Custom": null,
    "Description": "cmdr v0.8\n\nthe encoder mode can not be correctly for some mappings. if you do not touch the setting in cmdr it saves correctly back to tsi.\n\nbut if you happen to create a new mapping which is of type Encoder you cannot set the encoder type anymore (i think that worked in previous versions!)\n\nsee attached tsi file, only the Loop Size Selector of Deck D is understood by Traktor (v 2.10.2/9). the mapping of the Deck D was exported by Traktor´s CM and then opened and saved by cmdr v0.8, but the other Decks don´t work.",
    "LastUpdatedDate": "2017-11-29T01:44:28.12-08:00",
    "PlannedForRelease": "",
    "ReleaseVisibleToPublic": false,
    "Priority": {
      "Name": "High",
      "Severity": 150,
      "Id": 3
    },
    "ProjectName": "cmdr",
    "ReportedDate": "2016-05-25T08:35:04.587-07:00",
    "Status": {
      "Name": "Closed",
      "Id": 4
    },
    "ReasonClosed": {
      "Name": "Fixed"
    },
    "Summary": "Encoder Mode Error",
    "Type": {
      "Name": "Issue",
      "Id": 3
    },
    "VoteCount": 1,
    "Id": 606
  },
  "FileAttachments": [
    {
      "FileId": 117,
      "FileName": "encmode.tsi",
      "DownloadUrl": ".\\117"
    }
  ],
  "Comments": []
}