{
  "WorkItem": {
    "AffectedComponent": {
      "Name": "",
      "DisplayName": ""
    },
    "ClosedComment": "",
    "ClosedDate": "2016-06-30T02:12:03.08-07:00",
    "CommentCount": 0,
    "Custom": "First issue (encoder mode) already solved. Second issue can't be reproduced.",
    "Description": "Hi,\n\nFirst of all, I would like to thank you for this very useful program!\n\nSecondly, I noticed some bugs. I set an encoder to \"Relative\" and \"3fh/41h\" mode but in Traktor it appeared \"7fh/01h\". The strange thing is that I set up several encoders, but few of them worked as I want (\"3fh/41h\" mode) and most of them did not worked properly (\"7fh/01h\" mode).\n\nOther bug: when I start cmdr and drag and drop a .tsi file I got a Windows massage, that \"cmdr - Controller Manager done right stopped working\". When I open a .tsi file with File/Open command first and after that I open a new file with drag and drop I works.\n\nI use Win 8.1 x64.\n\nI hope I was clear.\n\ndjhtml",
    "LastUpdatedDate": "2017-11-29T01:44:29.07-08:00",
    "PlannedForRelease": "",
    "ReleaseVisibleToPublic": false,
    "Priority": {
      "Name": "Low",
      "Severity": 50,
      "Id": 1
    },
    "ProjectName": "cmdr",
    "ReportedDate": "2016-06-17T04:44:16.95-07:00",
    "Status": {
      "Name": "Closed",
      "Id": 4
    },
    "ReasonClosed": {
      "Name": "Fixed"
    },
    "Summary": "bug report (encoders, tsi open)",
    "Type": {
      "Name": "Issue",
      "Id": 3
    },
    "VoteCount": 1,
    "Id": 628
  },
  "FileAttachments": [],
  "Comments": [
    {
      "Message": "thank you for the feedback. \r\n\r\ni ran into this encoder mode issue already and TakTraum fixed this for the upcoming v0.9 release. \r\n\r\nif you don´t want to wait for the cmdr v0.9 release you can already download the source code from https://cmdr.codeplex.com/SourceControl/changeset/39082 and run it using Visual Studio.\r\n\r\nif there are other issues known, just post them.\r\n\r\nhappy mapping,\nacidbuddha",
      "PostedDate": "2016-06-17T05:00:17.513-07:00",
      "Id": -2147483648
    },
    {
      "Message": "Thank you!",
      "PostedDate": "2016-06-17T05:52:07.493-07:00",
      "Id": -2147483648
    },
    {
      "Message": "",
      "PostedDate": "2016-06-30T02:11:43.31-07:00",
      "Id": -2147483648
    },
    {
      "Message": "",
      "PostedDate": "2016-06-30T02:12:03.08-07:00",
      "Id": -2147483648
    },
    {
      "Message": "",
      "PostedDate": "2017-11-29T01:44:29.07-08:00",
      "Id": -2147483648
    }
  ]
}