{
  "WorkItem": {
    "AffectedComponent": {
      "Name": "",
      "DisplayName": ""
    },
    "ClosedComment": "",
    "ClosedDate": "2016-07-12T23:51:45.36-07:00",
    "CommentCount": 0,
    "Custom": null,
    "Description": "If i load a map with a 'relative' encoder set to 0%, cmdr automatically sets it to 100%. Don't ask why i would want to have it at 0%.",
    "LastUpdatedDate": "2017-11-29T01:44:29.497-08:00",
    "PlannedForRelease": "",
    "ReleaseVisibleToPublic": false,
    "Priority": {
      "Name": "Medium",
      "Severity": 100,
      "Id": 2
    },
    "ProjectName": "cmdr",
    "ReportedDate": "2016-07-12T23:28:51.323-07:00",
    "Status": {
      "Name": "Closed",
      "Id": 4
    },
    "ReasonClosed": {
      "Name": "Fixed"
    },
    "Summary": "Rotary Sensitivity always set to 100%",
    "Type": {
      "Name": "Issue",
      "Id": 3
    },
    "VoteCount": 1,
    "Id": 639
  },
  "FileAttachments": [],
  "Comments": [
    {
      "Message": "Verknüpft mit Changeset 42305: [fix] Issue 639: Rotary Sensitivity",
      "PostedDate": "2016-07-12T23:52:42.507-07:00",
      "Id": -2147483648
    },
    {
      "Message": "",
      "PostedDate": "2017-11-29T01:44:29.497-08:00",
      "Id": -2147483648
    }
  ]
}