{
  "WorkItem": {
    "AffectedComponent": {
      "Name": "",
      "DisplayName": ""
    },
    "ClosedComment": "",
    "ClosedDate": "2016-08-11T02:33:31.07-07:00",
    "CommentCount": 0,
    "Custom": null,
    "Description": "on further contemplation, this could also be done per keyboard shortcuts:\n```\nShift [plus] / Shift [minus]\nincrement/decrement the notes ( c, c#, d... to a#, b, cycling) or cc message values (000 to 127)\nif no note expression was set: set to CC000 / CC127 respectively\n\nCtrl Shift [plus] / Ctrl Shift [minus]\ncycle through the octaves\nif no note expression was set: set to Note C-1 / Note C9 respectively\n```\nwouldn´t that be handy for editors that have to adjust for notes/octaves/cc on batch?",
    "LastUpdatedDate": "2017-11-29T01:44:29.92-08:00",
    "PlannedForRelease": "",
    "ReleaseVisibleToPublic": false,
    "Priority": {
      "Name": "Low",
      "Severity": 50,
      "Id": 1
    },
    "ProjectName": "cmdr",
    "ReportedDate": "2016-08-11T02:24:11.53-07:00",
    "Status": {
      "Name": "Closed",
      "Id": 4
    },
    "ReasonClosed": {
      "Name": "Unassigned"
    },
    "Summary": "[feature] inc/dec for bindings",
    "Type": {
      "Name": "Feature",
      "Id": 1
    },
    "VoteCount": 1,
    "Id": 663
  },
  "FileAttachments": [],
  "Comments": [
    {
      "Message": "Aufgelöst mit Changeset 43715: Added feature increment/decrement of generic midi bindings\nAdded corresponding dropdown button with options +/-(1..+16 & selection count) to midi binding section of mapping details pane\nAdded options to increment / decrement by one to edit menu\nAssigned hotkeys Ctrl+OemPlus and Ctrl+OemMinus to options of edit menu",
      "PostedDate": "2016-08-11T02:33:31.07-07:00",
      "Id": -2147483648
    },
    {
      "Message": "",
      "PostedDate": "2017-11-29T01:44:29.92-08:00",
      "Id": -2147483648
    }
  ]
}