{
  "WorkItem": {
    "AffectedComponent": {
      "Name": "",
      "DisplayName": ""
    },
    "ClosedComment": "",
    "ClosedDate": "2016-11-06T02:01:17.517-08:00",
    "CommentCount": 0,
    "Custom": null,
    "Description": "using the search reliably makes cmdr v0.9 stop working.\n\nreported in [discussion:657593](https://cmdr.codeplex.com/discussions/657593)",
    "LastUpdatedDate": "2016-11-06T02:01:17.517-08:00",
    "PlannedForRelease": "cmdr v0.9",
    "ReleaseVisibleToPublic": true,
    "Priority": {
      "Name": "Low",
      "Severity": 50,
      "Id": 1
    },
    "ProjectName": "cmdr",
    "ReportedDate": "2016-09-14T01:30:48.62-07:00",
    "Status": {
      "Name": "Closed",
      "Id": 4
    },
    "ReasonClosed": {
      "Name": "Unassigned"
    },
    "Summary": "cmd search crashes cmdr",
    "Type": {
      "Name": "Issue",
      "Id": 3
    },
    "VoteCount": 1,
    "Id": 677
  },
  "FileAttachments": [],
  "Comments": [
    {
      "Message": "Aufgelöst mit Changeset 44380: [fix] Search could lead to application crash",
      "PostedDate": "2016-11-06T02:01:17.517-08:00",
      "Id": -2147483648
    }
  ]
}