{
  "WorkItem": {
    "AffectedComponent": {
      "Name": "",
      "DisplayName": ""
    },
    "ClosedComment": "",
    "ClosedDate": "2016-05-31T04:17:52.533-07:00",
    "CommentCount": 0,
    "Custom": null,
    "Description": "cmdr v0.8\n\n__current behaviour__\n\nif different mappings are selected in the mapping grid and if the I/O differ the \"mapped to\" (MIDI binding) area disappears. if only In or only Out mappings are selected the MIDI binding input fiels remain visible, but the Note expression input is empty.\n\n__expected behaviour__\n\nthe MIDI binding options remain active anytime. same logic as in \"selected conditions\" menu could be applied to the currently selected MIDI bindings. that way the Select dropdown is extended by \"Selected bindings\" and the user can optionally apply one of the selected.\n\nthis might be error prone but mappings could be re-organized twice as fast if this option would exist.\n\nan example is shown in the image. In/Out are tied to the same MIDI message in many cases and this would ease the shifting from one control to another.\n\n![Image](http://cmdr.acidbuddha.com/img/binding_inout.PNG)\n\nbtw the \"mapped to\" area would perfectly fit into an own dockable panel so the user can create better working layout.",
    "LastUpdatedDate": "2017-11-29T01:44:28.233-08:00",
    "PlannedForRelease": "",
    "ReleaseVisibleToPublic": false,
    "Priority": {
      "Name": "Unassigned",
      "Severity": 0,
      "Id": 0
    },
    "ProjectName": "cmdr",
    "ReportedDate": "2016-05-28T05:20:35.57-07:00",
    "Status": {
      "Name": "Closed",
      "Id": 4
    },
    "ReasonClosed": {
      "Name": "Fixed"
    },
    "Summary": "[minor] improvements to the \"mapped to\" area",
    "Type": {
      "Name": "Issue",
      "Id": 3
    },
    "VoteCount": 1,
    "Id": 608
  },
  "FileAttachments": [],
  "Comments": []
}