{
  "WorkItem": {
    "AffectedComponent": {
      "Name": "",
      "DisplayName": ""
    },
    "ClosedComment": "",
    "ClosedDate": "2016-08-11T02:33:30.13-07:00",
    "CommentCount": 0,
    "Custom": null,
    "Description": "after a MIDI binding was learned or selected, it would be so nice to have a increment/decrement button next to it. this way the editor allow to speed up bugfixing and batch editing for commands.\n\nof course, the handy select button allows for easy changing of the binding itself, but how often is the case that the CC.022 should have been on CC.023 and you need to click through the select tree. \n\nsure, the tree is small. but a increase/decrease button could even be used to a bunch of selected mappings (all with bindings) even though they´re not bound to the same MIDI message.\n\n__example__\n\n* CC.020 [+] updates to CC.021\n* Note A2 [+] updates to Note B2\n* Note B2 [+] updates to Note C3\n\nso, if you select commands that have different bindings but all are on the same channel, you see the channel selector and the [-] and [+] buttons. if the channels differ, only [-] and [+]. that could be handy for advanced users.",
    "LastUpdatedDate": "2017-11-29T01:44:29.8-08:00",
    "PlannedForRelease": "",
    "ReleaseVisibleToPublic": false,
    "Priority": {
      "Name": "Low",
      "Severity": 50,
      "Id": 1
    },
    "ProjectName": "cmdr",
    "ReportedDate": "2016-08-11T02:23:46.4-07:00",
    "Status": {
      "Name": "Closed",
      "Id": 4
    },
    "ReasonClosed": {
      "Name": "Unassigned"
    },
    "Summary": "[feature] inc/dec for bindings",
    "Type": {
      "Name": "Feature",
      "Id": 1
    },
    "VoteCount": 1,
    "Id": 662
  },
  "FileAttachments": [],
  "Comments": [
    {
      "Message": "Aufgelöst mit Changeset 43715: Added feature increment/decrement of generic midi bindings\nAdded corresponding dropdown button with options +/-(1..+16 & selection count) to midi binding section of mapping details pane\nAdded options to increment / decrement by one to edit menu\nAssigned hotkeys Ctrl+OemPlus and Ctrl+OemMinus to options of edit menu",
      "PostedDate": "2016-08-11T02:33:30.13-07:00",
      "Id": -2147483648
    },
    {
      "Message": "",
      "PostedDate": "2017-11-29T01:44:29.8-08:00",
      "Id": -2147483648
    }
  ]
}