{
  "WorkItem": {
    "AffectedComponent": {
      "Name": "",
      "DisplayName": ""
    },
    "ClosedComment": "",
    "ClosedDate": "2016-07-19T04:36:20.123-07:00",
    "CommentCount": 0,
    "Custom": null,
    "Description": "Working on factory maps, the checkbox 'Override Factory Map' has an inverted display. If it's checked then it's actually unchecked and vice versa.",
    "LastUpdatedDate": "2017-11-29T01:44:29.397-08:00",
    "PlannedForRelease": "",
    "ReleaseVisibleToPublic": false,
    "Priority": {
      "Name": "Medium",
      "Severity": 100,
      "Id": 2
    },
    "ProjectName": "cmdr",
    "ReportedDate": "2016-07-12T23:26:58.287-07:00",
    "Status": {
      "Name": "Closed",
      "Id": 4
    },
    "ReasonClosed": {
      "Name": "Fixed"
    },
    "Summary": "'Override Factory Map' has an inverted display",
    "Type": {
      "Name": "Issue",
      "Id": 3
    },
    "VoteCount": 1,
    "Id": 638
  },
  "FileAttachments": [],
  "Comments": [
    {
      "Message": "Fixed in changeset 42985",
      "PostedDate": "2016-07-19T04:36:20.123-07:00",
      "Id": -2147483648
    },
    {
      "Message": "",
      "PostedDate": "2017-11-29T01:44:29.397-08:00",
      "Id": -2147483648
    }
  ]
}