[
  {
    "Id": "1470842",
    "ThreadId": "653826",
    "Html": "using this editor since the one first iterations one feature keeps popping up in my wishlist:\r<br />\n<br />\ntaking out the repetitive work of mapping a feature from the prototype deck or fx unit to the other (three) ones. would´nt it be cool to have a function &quot;clone to deck/unit&quot; that takes the selected (valid) commands that exist on, let´s say Deck A, and shows a small popup like this:\r<br />\n<br />\nclone &lt;n&gt; commands to: \r<br />\n<em>Deck A [-]</em>    Deck B [x]\r<br />\nDeck C [ ]     Deck D [ ]\r<br />\n<br />\nthiss is more a kind of a editor macro. so, if Deck B is selected, the respective commands are copied and assigned to Deck B, just like ordinary copy/paste. also any condition regarding Deck A is changed to Deck B.\r<br />\n<br />\njust noting that this is a nice to have.<br />\n",
    "PostedDate": "2016-04-20T12:39:12.557-07:00",
    "UserRole": null,
    "MarkedAsAnswerDate": null
  },
  {
    "Id": "1475967",
    "ThreadId": "653826",
    "Html": "This discussion has been copied to a work item. Click <a href=\"https://cmdr.codeplex.com/workitem/623\" rel=\"nofollow\">here</a> to go to the work item and continue the discussion.<br />\n",
    "PostedDate": "2016-06-13T01:57:36.777-07:00",
    "UserRole": null,
    "MarkedAsAnswerDate": null
  },
  {
    "Id": "1475982",
    "ThreadId": "653826",
    "Html": "Done<br />\n",
    "PostedDate": "2016-06-13T03:20:31.49-07:00",
    "UserRole": null,
    "MarkedAsAnswerDate": "2016-06-13T03:20:35.157-07:00"
  }
]