[
  {
    "Id": "1470843",
    "ThreadId": "653827",
    "Html": "after a MIDI binding was learned or selected, it would be so nice to have a increment/decrement button next to it. this way the editor allow to speed up bugfixing and batch editing for commands.<br />\n<br />\nof course, the handy select button allows for easy changing of the binding itself, but how often is the case that the CC.022 should have been on CC.023 and you need to click through the select tree. <br />\n<br />\nsure, the tree is small. but a increase/decrease button could even be used to a bunch of selected mappings (all with bindings) even though they´re not bound to the same MIDI message.<br />\n<br />\n<strong>example</strong><br />\n<ul>\n<li>CC.020 [+] updates to CC.021</li>\n<li>Note A2 [+] updates to Note B2</li>\n<li>\nNote B2 [+] updates to Note C3<br />\n</li>\n</ul>\nso, if you select commands that have different bindings but all are on the same channel, you see the channel selector and the [-] and [+] buttons. if the channels differ, only [-] and [+]. that could be handy for advanced users.<br />\n",
    "PostedDate": "2016-04-20T12:45:35.76-07:00",
    "UserRole": null,
    "MarkedAsAnswerDate": null
  },
  {
    "Id": "1472152",
    "ThreadId": "653827",
    "Html": "on further contemplation, this could also be done per keyboard shortcuts:<br />\n<pre><code>Shift [plus] / Shift [minus]\nincrement/decrement the notes ( c, c#, d... to a#, b, cycling) or cc message values (000 to 127)\nif no note expression was set: set to CC000 / CC127 respectively\n\nCtrl Shift [plus] / Ctrl Shift [minus]\ncycle through the octaves\nif no note expression was set: set to Note C-1 / Note C9 respectively</code></pre>\n\nwouldn´t that be handy for editors that have to adjust for notes/octaves/cc on batch?<br />\n",
    "PostedDate": "2016-05-02T03:23:59.81-07:00",
    "UserRole": null,
    "MarkedAsAnswerDate": null
  },
  {
    "Id": "1480839",
    "ThreadId": "653827",
    "Html": "This discussion has been copied to a work item. Click <a href=\"https://cmdr.codeplex.com/workitem/662\" rel=\"nofollow\">here</a> to go to the work item and continue the discussion.<br />\n",
    "PostedDate": "2016-08-11T02:23:47.347-07:00",
    "UserRole": null,
    "MarkedAsAnswerDate": null
  },
  {
    "Id": "1480840",
    "ThreadId": "653827",
    "Html": "This discussion has been copied to a work item. Click <a href=\"https://cmdr.codeplex.com/workitem/663\" rel=\"nofollow\">here</a> to go to the work item and continue the discussion.<br />\n",
    "PostedDate": "2016-08-11T02:24:11.643-07:00",
    "UserRole": null,
    "MarkedAsAnswerDate": null
  },
  {
    "Id": "1480841",
    "ThreadId": "653827",
    "Html": "Implemented in changeset 43715. Increment / decrement for CCs and keys (note and octave as number, e.g. C-1 = 0).<br />\n",
    "PostedDate": "2016-08-11T02:37:13.04-07:00",
    "UserRole": null,
    "MarkedAsAnswerDate": "2016-08-11T02:37:17.46-07:00"
  }
]