[
  {
    "Id": "1470840",
    "ThreadId": "653825",
    "Html": "a filter method to narrow down the rows in the command table would help a lot and i´d like to suggest and discuss that feature here. \r<br />\n<br />\nfirst idea is a simple filter out of the View menu.<br />\n<ul>\n<li>View &gt; show only In commands</li>\n<li>View &gt; show only Out commands</li>\n<li>\nView &gt; show only w/o MIDI binding<br />\n</li>\n</ul>\nwhile at it, the search input field could be extended to be a filter as well. i.e. entering a word of at least three letters could hide all command rows without matching data in any cell (or setting). \r<br />\n<br />\nthe sorting is rather fast already, imagine to harness that speed for the filter. it would make editing that one feature a breeze.<br />\n",
    "PostedDate": "2016-04-20T12:29:28.827-07:00",
    "UserRole": null,
    "MarkedAsAnswerDate": null
  },
  {
    "Id": "1490770",
    "ThreadId": "653825",
    "Html": "defeently useful to only have in / general string etc\r<br />\n<br />\nthis nice request reminds me how the wireshark packet snffer works. it updates the list dynamically while you write your filter\r<br />\nexample: <a href=\"http://blog.linoxide.com/wp-content/uploads/2013/09/wireshark-port-filter.png\" rel=\"nofollow\">http://blog.linoxide.com/wp-content/uploads/2013/09/wireshark-port-filter.png</a><br />\n",
    "PostedDate": "2017-01-08T07:48:07.513-08:00",
    "UserRole": null,
    "MarkedAsAnswerDate": null
  }
]