[
  {
    "Id": "1470879",
    "ThreadId": "653841",
    "Html": "the cmdr should be able to read the effects list out of the traktor settings tsi file and provide a window similar to the &quot;Show Conditions&quot; window to view and edit the order of the effects.  so, if it is possible: write the effects portion of the given settings.tsi\r<br />\n<br />\n<strong>advantages</strong><br />\n<ul>\n<li>the drop down list that is shown for direct values on trigger commands will be in correct order matching to my own traktor configuration</li>\n<li>effects status (enable/disable) and order definition inside cmdr</li>\n<li>\nthe traktor settings.tsi file is known to the cmdr<br />\n</li>\n</ul>\n",
    "PostedDate": "2016-04-21T00:03:40.397-07:00",
    "UserRole": null,
    "MarkedAsAnswerDate": null
  },
  {
    "Id": "1490767",
    "ThreadId": "653841",
    "Html": "would be a nice feature indeed<br />\n",
    "PostedDate": "2017-01-08T07:41:48.307-08:00",
    "UserRole": null,
    "MarkedAsAnswerDate": null
  }
]