[
  {
    "Id": "1470848",
    "ThreadId": "653828",
    "Html": "another nice to have that could be discussed is the application of different colors in the command table for quick recognition. also the possibility of tagging would be great.<br />\n<br />\nall this could be done using the comment field. the cmdr could be changed to understand a simple syntax in the comment string and use portions of the comment as control sequences.<br />\n<br />\n<strong>example</strong><br />\n<br />\nthe command with a comment = &quot;this is a normal knob. [<strong>col</strong>:lightblue][<strong>cat</strong>:knob,toprow,macroknob][<strong>lock</strong>:1]&quot;<br />\n<br />\nshould appear in the mapping table with the comment &quot;this is a normal knob.&quot;. the content in brackets is parsed as key:value data. <br />\n<ul>\n<li><strong>col</strong> for example defines in which font or bg color this row should have. if it does not match a color keyword it´s ignored</li>\n<li><strong>cat</strong> on the other hand could be used to contain comma-separated categorie labels. hence, the command in discussion is tied to the categories &quot;knob&quot;, &quot;toprow&quot; and &quot;macroknob&quot;</li>\n<li>\n<strong>lock</strong> could be a flag to lock down the command to disable accidental changes to it´s settings or binding but still allowing it to be part of a selection<br />\n</li>\n</ul>\nthe advantage of this approach is that the tsi file itself contains the colors and categories while being as flexible als bass in how to tag and colorcode the files while editing.<br />\n<br />\nin the traktor controller manager the comment string would reveal all it´s ugliness but with a cmdr at hand, what does this matter ? xD<br />\n<br />\npersonally i´d find a [<strong>cat</strong>:fixme] quite handy but i know this feature would introduce a load of consequences. what do you think?<br />\n",
    "PostedDate": "2016-04-20T13:23:27.537-07:00",
    "UserRole": null,
    "MarkedAsAnswerDate": null
  },
  {
    "Id": "1476112",
    "ThreadId": "653828",
    "Html": "This discussion has been copied to a work item. Click <a href=\"https://cmdr.codeplex.com/workitem/625\" rel=\"nofollow\">here</a> to go to the work item and continue the discussion.<br />\n",
    "PostedDate": "2016-06-14T01:26:53.93-07:00",
    "UserRole": null,
    "MarkedAsAnswerDate": null
  }
]