[
  {
    "Id": "1471236",
    "ThreadId": "653964",
    "Html": "this is a decadent one, but: after drag/drop is to be expected for the mappings table, another feature would allow for even more mapping pleasure:\r<br />\n<br />\nre-use an unknown command known to be out of use and style it as thin line in the mappings table. this way we could do some logical grouping of commands.<br />\n",
    "PostedDate": "2016-04-25T05:44:39.43-07:00",
    "UserRole": null,
    "MarkedAsAnswerDate": null
  }
]