[
  {
    "Id": "1471228",
    "ThreadId": "653961",
    "Html": "could be helpful to have an emulation of current modifier state like in traktor´s controller manager.<br />\n<br />\n<img src=\"http://cmdr.acidbuddha.com/img/modstate.PNG\" alt=\"modifier state\" /><br />\n<br />\nlike, when a modifier is present in the device, modifier in the state incidation bar becomes active and shows the current value. if a control is bound to the modifier and it is used, the modifier value changes according to the current mapping.<br />\n<br />\nmight help in bugfixing of device mappings.<br />\n",
    "PostedDate": "2016-04-25T05:15:28.723-07:00",
    "UserRole": null,
    "MarkedAsAnswerDate": null
  },
  {
    "Id": "1490769",
    "ThreadId": "653961",
    "Html": "this is basically the last feature that i use from traktor CM<br />\n",
    "PostedDate": "2017-01-08T07:45:39.113-08:00",
    "UserRole": null,
    "MarkedAsAnswerDate": null
  }
]