[
  {
    "Id": "1471227",
    "ThreadId": "653960",
    "Html": "cmdr v0.6\r<br />\n<br />\n<strong>problem</strong>\r<br />\n<br />\nwhen selecting multiple commands (in the mappings table) the &quot;Details&quot; panel gets updated so that the conditions which are congruent will be shown and all other are hidden. that leads to erroneus assumptions to update that conditions.\r<br />\n<br />\nalso, if the conditions in the selected commands do not match, the fallback happens: Conditions 1 and 2 look like free to choose but that would in fact overwrite the current ones.\r<br />\n<br />\n<strong>expected behaviour</strong>\r<br />\n<br />\nafter selecting multiple commands following cases can occur<br />\n<ul>\n<li>all commands have no condition set on condition 1, so the button 1 is open like it is now</li>\n<li>all commands have the same condition 1 set, so the button is open and the condition is shown like it is now</li>\n<li>\nsome commands have condition 1 set and some not and/or the conditions on 1 differ. that should lead to button menu modification as described below:<br />\n</li>\n</ul>\nthe button itself should indicate there´s a special case, maybe darker bg color. the button menu for condition 1 should be updated like this:<br />\n<ul>\n<li>Deck Common</li>\n<li>FX Unit</li>\n<li>Modifier</li>\n<li>Remix Deck</li>\n<li>None</li>\n<li>----</li>\n<li>Selected Conditions (where it lists all Condition 1 stats found in the selection)</li>\n</ul>\n",
    "PostedDate": "2016-04-25T05:15:19.847-07:00",
    "UserRole": null,
    "MarkedAsAnswerDate": null
  },
  {
    "Id": "1474991",
    "ThreadId": "653960",
    "Html": "Done<br />\n",
    "PostedDate": "2016-06-03T04:01:57.607-07:00",
    "UserRole": null,
    "MarkedAsAnswerDate": "2016-06-03T04:02:00.913-07:00"
  }
]