[
  {
    "Id": "1471229",
    "ThreadId": "653962",
    "Html": "cmdr v0.6\r<br />\n<br />\n<strong>problem</strong> \r<br />\n<br />\nselecting multiple commands (in the mappings table) with different MIDI bindings of the same channel updates the &quot;Details&quot; panel so that the user sees the Channel dropdown. assuming this allows to change the channel of all selected bindings. this is a common use case when reorganizing mappings.\r<br />\n<br />\nbut using this dropdown input resets all the bindings right now.\r<br />\n<br />\n<strong>expected behaviour</strong>\r<br />\n<br />\neither the channel dropdown is hidden or it updates only the channel of the bindings in the selection<br />\n",
    "PostedDate": "2016-04-25T05:16:16.913-07:00",
    "UserRole": null,
    "MarkedAsAnswerDate": null
  },
  {
    "Id": "1474992",
    "ThreadId": "653962",
    "Html": "Done<br />\n",
    "PostedDate": "2016-06-03T04:02:30.193-07:00",
    "UserRole": null,
    "MarkedAsAnswerDate": "2016-06-03T04:02:33.097-07:00"
  },
  {
    "Id": "1476582",
    "ThreadId": "653962",
    "Html": "It still not working for me. :( It resets the MIDI commands.\r<br />\n<br />\n(cmdr v0.8, Win 8.1 x64)<br />\n",
    "PostedDate": "2016-06-17T04:49:08.47-07:00",
    "UserRole": null,
    "MarkedAsAnswerDate": null
  },
  {
    "Id": "1476584",
    "ThreadId": "653962",
    "Html": "thanks for the feedback. the channel change function will be available in cmdr v0.9.<br />\n<br />\nif you don´t want to wait, you can download the latest source code and compile it yourself. :)<br />\n",
    "PostedDate": "2016-06-17T04:55:24.273-07:00",
    "UserRole": null,
    "MarkedAsAnswerDate": null
  }
]