[
  {
    "Id": "1472275",
    "ThreadId": "654256",
    "Html": "traktor in earlier versions seems to have different command ids, thus leading to unknown commands shown in cmdr.<br />\n<br />\nlet´s collect all the unknown command ids (and meanings) in this <a href=\"https://docs.google.com/spreadsheets/d/12kR4_vYl5dBQ8jfB6dPyeW3vXtuOJJTbjGENh9colUc/edit?usp=sharing\" rel=\"nofollow\">unknown commands spreadsheet</a><br />\n<br />\nbest way to find out which command id has which meaning to traktor seems to be to write the command id to the comment field and make a tsi file that only contains these unknowns and then to import that tsi file into an older version of traktor. like so:<br />\n<br />\n<img src=\"http://cmdr.acidbuddha.com/img/unknown_cmdr.PNG\" alt=\"unknown commands in cmdr 0.7\" /><br />\n<br />\nthen the info can be obtained. <br />\n<br />\n<img src=\"http://cmdr.acidbuddha.com/img/unknown_traktor.PNG\" alt=\"unknown commands in traktor 2.5\" /><br />\n<br />\nplease leave a comment in the spreadsheet, or reply to this discussion, or hit us on <a href=\"https://twitter.com/cmdoneright\" rel=\"nofollow\">https://twitter.com/cmdoneright</a> <br />\n",
    "PostedDate": "2016-05-03T03:39:19.717-07:00",
    "UserRole": null,
    "MarkedAsAnswerDate": null
  }
]