[
  {
    "Id": "1472150",
    "ThreadId": "654226",
    "Html": "the status bar introduced in v0.7 could show a few helpful stats when editing like:<br />\n<ul>\n<li>count of selected commands</li>\n<li>count of total commands in this device</li>\n<li>count of total commands in this tsi file</li>\n<li>\ncount of similar commands to selected one (i.e.: how many cmds match exactly the binding and conditions)<br />\n</li>\n<li>\nscrolling rss feed of cmdr news ^^<br />\n</li>\n</ul>\n",
    "PostedDate": "2016-05-02T03:12:55.157-07:00",
    "UserRole": null,
    "MarkedAsAnswerDate": null
  },
  {
    "Id": "1472301",
    "ThreadId": "654226",
    "Html": "<ul>\n<li>counts of selected and total commands are shown beneath the list</li>\n<li>the latter is also shown in devicelist, so no need for the count of total commands in a tsi file </li>\n<li>similar commands must be specified</li>\n</ul>\n",
    "PostedDate": "2016-05-03T09:10:57.59-07:00",
    "UserRole": null,
    "MarkedAsAnswerDate": "2016-05-26T10:54:14.533-07:00"
  }
]