[
  {
    "Id": "1474066",
    "ThreadId": "654856",
    "Html": "cmdr v0.8\r<br />\n<br />\nthe conditions target appears to be separated from the conditions value in most cases. it should be settable for multiple selected mappings. (so only show &quot;Various Conditions&quot; message if the conditions really differ -- not if the values differ on exactly same target)\r<br />\n<br />\n<img src=\"http://cmdr.acidbuddha.com/img/batchedit_conditiontarget.PNG\" alt=\"Image\" /><br />\n",
    "PostedDate": "2016-05-23T05:21:33.907-07:00",
    "UserRole": null,
    "MarkedAsAnswerDate": null
  }
]