[
  {
    "Id": "1477921",
    "ThreadId": "656071",
    "Html": "Have just downloaded this tool and started it on Windows 7 x64 with a Gemini G4V MIDI controller.<br />\n<br />\nLoaded an existing TSI file, changed the MIDI in/out device and tried to change a note by using the learn button -&gt; Immidiately the program crashes.<br />\n<br />\nThe existing TSI  is from a Pioneer DDJ-SX2 and I need to test some of its commands on a G4V.<br />\nWhen creating a new TSI, program is not crashing.<br />\n<br />\ncmdr v0.8<br />\n",
    "PostedDate": "2016-07-01T23:47:06.85-07:00",
    "UserRole": null,
    "MarkedAsAnswerDate": null
  },
  {
    "Id": "1477933",
    "ThreadId": "656071",
    "Html": "thanks for your feedback. i suppose you ran into the same issue as i did (unknown MIDI message received, related as <a href=\"https://cmdr.codeplex.com/workitem/627\" rel=\"nofollow\">exception on MIDI learn</a>). \r<br />\n<br />\nthe MIDI exception handling is fixed in the latest source code and the cmdr v0.9 which is coming up soon won´t have that problem anymore. \r<br />\n<br />\nin cmdr v0.8 only Note and Control Change messages are accepted as valid. if you´ve got more bugs for us just use the issues panel, and you´re invited to upload a sample tsi file to reproduce the problem.<br />\n",
    "PostedDate": "2016-07-02T06:23:51.91-07:00",
    "UserRole": null,
    "MarkedAsAnswerDate": "2016-07-04T00:43:14.293-07:00"
  },
  {
    "Id": "1478680",
    "ThreadId": "656071",
    "Html": "the problem is solved in cmdr v0.9 which is <a href=\"https://cmdr.codeplex.com/downloads/get/1589102\" rel=\"nofollow\">available now</a>.<br />\n",
    "PostedDate": "2016-07-11T22:48:15.57-07:00",
    "UserRole": null,
    "MarkedAsAnswerDate": null
  }
]