[
  {
    "Id": "1478315",
    "ThreadId": "656185",
    "Html": "since we have the <strong>Advanced Options</strong> button now, let´s fill it with some handy functionality.\r<br />\n<br />\none thing i´d envision to be helpful would be <strong>apply range</strong> for MIDI binding. it goes like this:<br />\n<ul>\n<li>select two or more commands to be mapped</li>\n<li>check the order of the selection (the order would determine the note/cc later)</li>\n<li>\nAdvanced Options &gt; &quot;Apply Range (increasing)&quot;<br />\n</li>\n</ul>\nwhich then looks for the first MIDI binding in the selection. if found, the following selected mappings will receive increasing MIDI bindings. this makes binding i.e. 16 consecutive knobs or buttons easier than ever since only the first one would be bound conventionally and the rest would be applied by cmdr.\r<br />\n<br />\n<strong>example</strong>\r<br />\n(showing the selected commands, and the resulting bindings after Apply Range (inc)<br />\n<ul>\n<li>FX 1 Unit On bound to &quot;CH01.CC.64&quot;</li>\n<li>FX 2 Unit On -&gt; &quot;CH01.CC.65&quot; (no matter what was bound before because the Apply Range was triggered)</li>\n<li>FX 3 Unit On -&gt; &quot;CH01.CC.66&quot;</li>\n<li>\nFX 4 Unit On -&gt; &quot;CH01.CC.67&quot;<br />\n</li>\n</ul>\nmight this be useful for someone else?<br />\n",
    "PostedDate": "2016-07-07T11:18:21.133-07:00",
    "UserRole": null,
    "MarkedAsAnswerDate": null
  },
  {
    "Id": "1480842",
    "ThreadId": "656185",
    "Html": "This discussion has been copied to a work item. Click <a href=\"https://cmdr.codeplex.com/workitem/664\" rel=\"nofollow\">here</a> to go to the work item and continue the discussion.<br />\n",
    "PostedDate": "2016-08-11T02:41:07.433-07:00",
    "UserRole": null,
    "MarkedAsAnswerDate": "2016-08-12T02:21:33.37-07:00"
  }
]