[
  {
    "Id": "1482599",
    "ThreadId": "657593",
    "Html": "Hi!\r<br />\n<br />\ncmdr is crashing everytime I search for any command. This was not the case for the first week I used heavily this great program.\r<br />\n<br />\nTo trigger this issue I just need to create a new file, add a generic midi device, add any command, search for it.\r<br />\n<br />\nI've already played with the settings and searched my registry for &quot;cmdr&quot;. \r<br />\nTo assist you, could you make available a debug version with symbols enabled?\r<br />\n<br />\nthanks\r<br />\n<br />\nProblem signature:\r<br />\n  Problem Event Name:\tCLR20r3\r<br />\n  Problem Signature 01:\tcmdr.exe\r<br />\n  Problem Signature 02:\t0.9.0.0\r<br />\n  Problem Signature 03:\t577f8f32\r<br />\n  Problem Signature 04:\tSystem.Core\r<br />\n  Problem Signature 05:\t4.6.81.0\r<br />\n  Problem Signature 06:\t5584e6c3\r<br />\n  Problem Signature 07:\t735\r<br />\n  Problem Signature 08:\t3\r<br />\n  Problem Signature 09:\tSystem.ArgumentNullException\r<br />\n  OS Version:\t6.1.7601.2.1.0.256.4\r<br />\n  Locale ID:\t6153\r<br />\n  Additional Information 1:\t0a9e\r<br />\n  Additional Information 2:\t0a9e372d3b4ad19135b953a78882e789\r<br />\n  Additional Information 3:\t0a9e\r<br />\n  Additional Information 4:\t0a9e372d3b4ad19135b953a78882e789<br />\n",
    "PostedDate": "2016-09-01T03:32:35.553-07:00",
    "UserRole": null,
    "MarkedAsAnswerDate": null
  },
  {
    "Id": "1483649",
    "ThreadId": "657593",
    "Html": "thanks for the report. i file an issue to this. never used the cmd search, but could reproduce right now.<br />\n",
    "PostedDate": "2016-09-14T01:28:33.783-07:00",
    "UserRole": null,
    "MarkedAsAnswerDate": null
  },
  {
    "Id": "1487474",
    "ThreadId": "657593",
    "Html": "Problem solved with version 0.9.5<br />\n",
    "PostedDate": "2016-11-07T00:04:59.903-08:00",
    "UserRole": null,
    "MarkedAsAnswerDate": "2016-11-07T00:05:03.273-08:00"
  },
  {
    "Id": "1490768",
    "ThreadId": "657593",
    "Html": "confirmed, thanks<br />\n",
    "PostedDate": "2017-01-08T07:42:16.03-08:00",
    "UserRole": null,
    "MarkedAsAnswerDate": null
  }
]