[
  {
    "Id": "1483186",
    "ThreadId": "657790",
    "Html": "I saved what I though was a normal project in cmdr, and when i tried to open it, it gave an the error listed in the title. I compared properties of both the uncooperative file and another file that opens and works fine, and there seems to be no differences. Can anyone help? thanks,<br />\n",
    "PostedDate": "2016-09-07T20:22:48.987-07:00",
    "UserRole": null,
    "MarkedAsAnswerDate": null
  },
  {
    "Id": "1483647",
    "ThreadId": "657790",
    "Html": "hey sparkletrees,\r<br />\n<br />\nwhere did you try to open the tsi file you mention? did you get an error in traktor? i can try to investigate the issue if you please attach the uncooperative file. so we can see if the error can be reproduced to rule out an issue on your system.<br />\n",
    "PostedDate": "2016-09-14T01:24:26.17-07:00",
    "UserRole": null,
    "MarkedAsAnswerDate": null
  },
  {
    "Id": "1483703",
    "ThreadId": "657790",
    "Html": "Thanks a lot acidbuddha,\r<br />\n<br />\nHere's the situation: \r<br />\n<br />\n-I was copy and pasting mappings from the traktor default mappings to a new generic midi mapping I was building from scratch. \r<br />\n<br />\n-sometimes when I saved my new partly finished generic midi project in cmdr, it would not open back up and would display the listed error instead. \r<br />\n<br />\n-I soon discovered that saving with 'encoder' mappings pasted into the generic midi device tab made this happen; pasting over any other mappings from the traktor default tab did not corrupt the file. \r<br />\n<br />\n-also, when saving a cmdr file with a traktor default mappings tab  with 'encoder' mappings still present open, alongside a generic midi tab with no 'encoder' mappings, the file opened successfully again, but with the traktor default mappings tab automatically and mysteriously removed upon reopening.\r<br />\n<br />\n-also, no, I did not get any traktor error or message, and in fact, the corrupted cmdr files open fine as mappings in traktor. \r<br />\n<br />\nThis is all I know right now :) thanks for any insight<br />\n",
    "PostedDate": "2016-09-14T10:33:19.313-07:00",
    "UserRole": null,
    "MarkedAsAnswerDate": null
  },
  {
    "Id": "1483775",
    "ThreadId": "657790",
    "Html": "okay, i just reproduced your error and the issue has been filed. i´ll update this as soon i got news. ty.<br />\n<br />\nin the meantime:<br />\n<ul>\n<li>\nto avoid this error you must not save a tsi file with a device that has encoder-based commands where none of those commands have a MIDI binding. this produces the error.<br />\n</li>\n<li>\nso, please put an &quot;alibi&quot; encoder command and make it have like Ch.01 Note C0 just to make sure you have at least one MIDI binding on an encoder command, then you´re safe.<br />\n</li>\n</ul>\n",
    "PostedDate": "2016-09-15T08:40:32.87-07:00",
    "UserRole": null,
    "MarkedAsAnswerDate": null
  },
  {
    "Id": "1483776",
    "ThreadId": "657790",
    "Html": "This discussion has been copied to a work item. Click <a href=\"https://cmdr.codeplex.com/workitem/678\" rel=\"nofollow\">here</a> to go to the work item and continue the discussion.<br />\n",
    "PostedDate": "2016-09-15T08:44:49.18-07:00",
    "UserRole": null,
    "MarkedAsAnswerDate": null
  },
  {
    "Id": "1487473",
    "ThreadId": "657790",
    "Html": "Problem solved with new version 0.9.5<br />\n",
    "PostedDate": "2016-11-07T00:04:27.533-08:00",
    "UserRole": null,
    "MarkedAsAnswerDate": "2016-11-07T00:04:31.06-08:00"
  }
]