[
  {
    "Id": "1485512",
    "ThreadId": "658547",
    "Html": "when working with different mappings that only differ slightly it´s sometimes hard to keep track of all the bugfixes and tweaks i do on different versions. sure, this might be due to device naming or file organization issues on my side ;) but still, i´d like to suggest a feature to make cmdr for suitable for working on different versions of traktor mappings.\r<br />\n<br />\n<strong>feature suggestion</strong>\r<br />\nin Extras insert a  window that lets you select two (or even more) devices of the loaded tsi files. you´ll see a Mappings datagrid that has a dropdown below. \r<br />\n<br />\nselect &quot;<em>only same commands on same assignment</em>&quot; and you´ll get the intersection of commands that appear in both devices. select &quot;<em>only same comands on same binding</em>&quot;, an you´ll get all same commands regardless of assignment, but the binding has to match. last option would be &quot;<em>only identical commands</em>&quot; would be narrowest intersection possible.\r<br />\n<br />\ncolorcoding of differing condition, interaction and comment, would be a nice thing to quickly grasp the enhancements from one device to another.\r<br />\n<br />\nin best case, both devices would be editable via this window (no new commands, but edit the existing ones).\r<br />\n<br />\nwhat do you think?<br />\n",
    "PostedDate": "2016-10-07T00:40:11.897-07:00",
    "UserRole": null,
    "MarkedAsAnswerDate": null
  },
  {
    "Id": "1490771",
    "ThreadId": "658547",
    "Html": "again, this is something very useful<br />\n",
    "PostedDate": "2017-01-08T07:48:53.427-08:00",
    "UserRole": null,
    "MarkedAsAnswerDate": null
  }
]