[
  {
    "Id": "1490536",
    "ThreadId": "660437",
    "Html": "Hi this is a great piece of software.<br />\n<br />\nIs it a feature or a bug that we can set values for MIDI Range Min/Max using only up/down arrows? It would be cool, if we could directly input numbers.<br />\n<br />\nAlso it would be great to be able to set those values when multiple commands are selected, as now these fields and fields for Controller Range Min/Max disappear when selecting multiple commands.<br />\n<br />\n<img src=\"http://i.imgur.com/j4i6mHk.jpg\" alt=\"Image\" /><br />\n",
    "PostedDate": "2017-01-02T07:15:56.22-08:00",
    "UserRole": null,
    "MarkedAsAnswerDate": null
  }
]