[
  {
    "Id": "1490783",
    "ThreadId": "660560",
    "Html": "on 0.9.5. it crashes on file/open.\r<br />\nopening a file by drag/drop from explorer works fine. Then it crashes on file/save.\r<br />\n<br />\nthanks...\r<br />\n<br />\nProblem signature:\r<br />\n  Problem Event Name:\tCLR20r3\r<br />\n  Problem Signature 01:\tcmdr.exe\r<br />\n  Problem Signature 02:\t0.9.5.0\r<br />\n  Problem Signature 03:\t581f6d97\r<br />\n  Problem Signature 04:\tOokii.Dialogs.Wpf\r<br />\n  Problem Signature 05:\t1.0.0.0\r<br />\n  Problem Signature 06:\t49803e54\r<br />\n  Problem Signature 07:\t1fd\r<br />\n  Problem Signature 08:\t2a\r<br />\n  Problem Signature 09:\tSystem.ComponentModel.Win32\r<br />\n  OS Version:\t6.1.7601.2.1.0.256.4\r<br />\n  Locale ID:\t6153\r<br />\n  Additional Information 1:\t0a9e\r<br />\n  Additional Information 2:\t0a9e372d3b4ad19135b953a78882e789\r<br />\n  Additional Information 3:\t0a9e\r<br />\n  Additional Information 4:\t0a9e372d3b4ad19135b953a78882e789\r<br />\n<br />\nRead our privacy statement online:\r<br />\n  <a href=\"http://go.microsoft.com/fwlink/?linkid=104288&amp;clcid=0x0409\" rel=\"nofollow\">http://go.microsoft.com/fwlink/?linkid=104288&clcid=0x0409</a>\r<br />\n<br />\nIf the online privacy statement is not available, please read our privacy statement offline:\r<br />\n  C:\\Windows\\system32\\en-US\\erofflps.txt<br />\n",
    "PostedDate": "2017-01-08T15:41:26.727-08:00",
    "UserRole": null,
    "MarkedAsAnswerDate": null
  },
  {
    "Id": "1490863",
    "ThreadId": "660560",
    "Html": "Seems like your system does not like the 3rd party library I use for the file/folder browse dialogs. First time someone has this problem. Will do some research on that...<br />\n",
    "PostedDate": "2017-01-09T11:04:22.49-08:00",
    "UserRole": null,
    "MarkedAsAnswerDate": null
  },
  {
    "Id": "1490865",
    "ThreadId": "660560",
    "Html": "This discussion has been copied to a work item. Click <a href=\"https://cmdr.codeplex.com/workitem/721\" rel=\"nofollow\">here</a> to go to the work item and continue the discussion.<br />\n",
    "PostedDate": "2017-01-09T11:28:53.693-08:00",
    "UserRole": null,
    "MarkedAsAnswerDate": null
  }
]