[
  {
    "Id": "1493627",
    "ThreadId": "661726",
    "Html": "Hi there Michael!\r<br />\n<br />\nI would like to use cmdr's potencial to build considerably complex custom keyboard mappings. I've installed and tried it out but, unfortunately, I couldn't make it work. Apparently, Generic Keyboard devices are not supported. No mapping would show up if I opened a tsi file with only keyboard mappings as I couldn't add a Generic Keyboard device to a clean new file.\r<br />\n<br />\nIt would be great if we could use it also for keyboard mappings. Can you confirm me that is currently unsupported?\r<br />\n<br />\nIf so, could you consider it in a future release?\r<br />\n<br />\nThank you in advance!<br />\n",
    "PostedDate": "2017-03-05T10:43:58.54-08:00",
    "UserRole": null,
    "MarkedAsAnswerDate": null
  }
]