[
  {
    "Id": "653825",
    "Title": "[ui] command filter",
    "LatestDate": "2017-01-08T07:48:07.513-08:00"
  },
  {
    "Id": "653826",
    "Title": "[macro] clone to deck/unit ",
    "LatestDate": "2016-06-13T03:20:31.49-07:00"
  },
  {
    "Id": "653827",
    "Title": "[feature] inc/dec for bindings",
    "LatestDate": "2016-08-11T02:37:13.04-07:00"
  },
  {
    "Id": "653828",
    "Title": "[feature] color-coding and tagging using the comment field",
    "LatestDate": "2016-06-14T01:26:53.93-07:00"
  },
  {
    "Id": "653841",
    "Title": "[feature] effects list from traktor settings tsi file",
    "LatestDate": "2017-01-08T07:41:48.307-08:00"
  },
  {
    "Id": "653960",
    "Title": "[feature] condition signaling on multiple selected commands",
    "LatestDate": "2016-06-03T04:01:57.607-07:00"
  },
  {
    "Id": "653961",
    "Title": "[feature] Modifier state emulation",
    "LatestDate": "2017-01-08T07:45:39.113-08:00"
  },
  {
    "Id": "653962",
    "Title": "[feature] channel change for multiple selected commands",
    "LatestDate": "2016-06-17T04:55:24.273-07:00"
  },
  {
    "Id": "653964",
    "Title": "[ui] separators in the mappings table",
    "LatestDate": "2016-04-25T05:44:39.43-07:00"
  },
  {
    "Id": "654226",
    "Title": "[feature] stats",
    "LatestDate": "2016-05-03T09:10:57.59-07:00"
  },
  {
    "Id": "654256",
    "Title": "unknown commands collection",
    "LatestDate": "2016-05-03T03:39:19.717-07:00"
  },
  {
    "Id": "654856",
    "Title": "[feature] conditions target \"batch\"",
    "LatestDate": "2016-05-23T05:21:33.907-07:00"
  },
  {
    "Id": "656071",
    "Title": "Program Crash when trying to learn MIDI note",
    "LatestDate": "2016-07-11T22:48:15.57-07:00"
  },
  {
    "Id": "656185",
    "Title": "[advanced option] apply ranges",
    "LatestDate": "2016-08-11T02:41:07.433-07:00"
  },
  {
    "Id": "657593",
    "Title": "program crash on searching any command",
    "LatestDate": "2017-01-08T07:42:16.03-08:00"
  },
  {
    "Id": "657790",
    "Title": "cannot open file error",
    "LatestDate": "2016-11-07T00:04:27.533-08:00"
  },
  {
    "Id": "658547",
    "Title": "feature: diff for devices",
    "LatestDate": "2017-01-08T07:48:53.427-08:00"
  },
  {
    "Id": "660437",
    "Title": "MIDI Range Min/Max direct input",
    "LatestDate": "2017-01-02T07:15:56.22-08:00"
  },
  {
    "Id": "660560",
    "Title": "program crash on file / open",
    "LatestDate": "2017-01-09T11:28:53.693-08:00"
  },
  {
    "Id": "661726",
    "Title": "Generic Keyboard devices",
    "LatestDate": "2017-03-05T10:43:58.54-08:00"
  }
]