[
  {
    "Id": "0",
    "Name": "cmdr v0.8",
    "DevelopmentStatus": "Beta",
    "Description": "* Creation of mappings for proprietary devices including \"Notes\". This feature is based on the folder of default mappings (see settings). Entries of default mappings can be included. This also enables the usage of templates. \n* New mapping list control:\n** Drag & drop within a list and between lists. Hold ctrl to copy.\n** Stats (selected/total mappings)\n** Trimmed texts have a ToolTip containing the full text\n** Selection of multiple items, e.g. when pasting or moving to another list\n* Adding and pasting items at the current position (not the end of the list anymore)\n* Complete rework of conditions editor:\n** New option \"Selected Conditions\"\n** Changed handling of unknown conditions on UI\n* Changed default file name to \"Untitled\"\n* Menus for adding commands are sorted alphabetically (folders on top)\n* some minor fixes, refactoring and cosmetics\n* see [url:Changesets|https://cmdr.codeplex.com/SourceControl/list/changesets] for more details.",
    "ReleasedDatge": "0001-01-01T00:00:00",
    "ModifiedDate": "2016-11-06T10:08:47.977-08:00",
    "Files": [
      {
        "Id": "b5311a96-19e0-46f6-a2ed-0df20f588786",
        "FileName": "cmdr v0.8.zip",
        "Url": "./0/b5311a96-19e0-46f6-a2ed-0df20f588786",
        "Type": "Application",
        "UploadDate": "2016-05-17T15:17:31.323-07:00"
      }
    ]
  },
  {
    "Id": "1",
    "Name": "cmdr v0.7",
    "DevelopmentStatus": "Beta",
    "Description": "* Completely reworked the handling of effect selector commands and their related TSI files, even those that do not specify an effect list/snapshots\n* Added status bar, indicating long running activities. Long running activities made asynchronous\n* Preparation for creating new TSI files for proprietary devices\n* Changed application settings and added explanations\n* New (partly undocumented) commands\n* New conditions\n* Encoder control now initialized with Interaction Mode Relative\n* some fixes, refactoring and cosmetics\n* see [url:Changesets|https://cmdr.codeplex.com/SourceControl/list/changesets] for more details.",
    "ReleasedDatge": "0001-01-01T00:00:00",
    "ModifiedDate": "2016-07-12T03:09:07.377-07:00",
    "Files": [
      {
        "Id": "dc446921-efd9-427a-b3a3-4724d22c7200",
        "FileName": "cmdr v0.7.zip",
        "Url": "./1/dc446921-efd9-427a-b3a3-4724d22c7200",
        "Type": "Application",
        "UploadDate": "2016-04-28T15:36:49.073-07:00"
      }
    ]
  },
  {
    "Id": "2",
    "Name": "cmdr v0.6",
    "DevelopmentStatus": "Beta",
    "Description": "* Drag & drop of files and folders onto application window to open TSI files. Dropping folders opens contained files recursively.\n* Read list and order of effects from \"Traktor Settings.tsi\" dynamically (needed for effect selector commands, as not the effect itself, but its index in this list is stored in the TSI file).\n* Conditions: \n** Selecting mappings and changing conditions should be a bit faster now.\n** Setting new conditions was missing initialization, so that wrong values occurred sometimes.\n* Update comments while typing. No need to move focus in order to apply changes.\n* Moved Override Factory Map to \"Mapped to\" section\n* New style for numeric up/down controls in controller settings.\n* Added application settings, editor window and corresponding menu entry. Settings:\n** default workspace (where you save your mappings)\n** NI folder (folder containing Traktor versions)\n** Traktor version and option to manually override it (version is written into TSI files)\n* Traktor folder is derived from NI folder and version, and is needed for loading \"Traktor Settings.tsi\"\n* some refactoring and cosmetics\n* see [url:Changesets|https://cmdr.codeplex.com/SourceControl/list/changesets] for more details.",
    "ReleasedDatge": "0001-01-01T00:00:00",
    "ModifiedDate": "2016-05-25T05:58:07.293-07:00",
    "Files": [
      {
        "Id": "3f398d74-9c76-4b2b-98ee-afa4f8e381be",
        "FileName": "cmdr v0.6.zip",
        "Url": "./2/3f398d74-9c76-4b2b-98ee-afa4f8e381be",
        "Type": "Application",
        "UploadDate": "2016-04-21T14:01:44.503-07:00"
      }
    ]
  },
  {
    "Id": "3",
    "Name": "cmdr v0.5",
    "DevelopmentStatus": "Beta",
    "Description": "Initial public version",
    "ReleasedDatge": "0001-01-01T00:00:00",
    "ModifiedDate": "2016-04-17T13:37:12.323-07:00",
    "Files": [
      {
        "Id": "1e2e394e-cd8f-4dc2-9b74-820504396521",
        "FileName": "cmdr v0.5.zip",
        "Url": "./3/1e2e394e-cd8f-4dc2-9b74-820504396521",
        "Type": "Application",
        "UploadDate": "2016-04-17T13:37:11.323-07:00"
      }
    ]
  },
  {
    "Id": "4",
    "Name": "cmdr v0.9.5",
    "DevelopmentStatus": "Beta",
    "Description": "* Fixes:\n** Rotary Sensitivity\n** 'Override Factory Map' was interpreted invertedly\n** DeckSize enumeration for command 'Deck Size Selector'\n** Assignment options for commands 'Deck Size Selector' and 'Advanced Panel Toggle'\n** Midi notes menu: highest note is G9\n** Initialization of EncoderMode\n** Search could lead to application crash\n\n* New features:\n** Option 'None' to device ports (In & Out)\n** List of recently opened files: accessible via Menu 'File', stored in application settings. The last 10 files are stored\n** Increment/decrement of generic midi bindings. Added corresponding dropdown button with options {\"+\"}/- (1..16 & selection count) to midi binding section of mapping details pane. Added options to increment / decrement by one to Menu 'Edit' (hotkeys Ctrl{\"+\"}OemPlus and Ctrl{\"+\"}OemMinus)\n** Apply a range of midi notes for generic midi bindings. If more than one mapping entry is selected, the first is taken as basis for subsequent increase of CC values / keys. Added corresponding option 'Apply Midi Range' to 'Advanced Options' menu.\n** Show indication during search text input if text can't be found\n** New commands and conditions for Traktor 2.11 (Step Sequencer + Ableton Link)",
    "ReleasedDatge": "0001-01-01T00:00:00",
    "ModifiedDate": "2016-11-06T10:18:09.313-08:00",
    "Files": [
      {
        "Id": "d19a3605-61a5-4b67-81fb-970fb48b9acf",
        "FileName": "cmdr v0.9.5.zip",
        "Url": "./4/d19a3605-61a5-4b67-81fb-970fb48b9acf",
        "Type": "Application",
        "UploadDate": "2016-11-06T10:08:15.967-08:00"
      }
    ]
  },
  {
    "Id": "5",
    "Name": "cmdr v0.9",
    "DevelopmentStatus": "Beta",
    "Description": "* Encoder Mode:\n** {\"[fix]\"} Encoder modes are now processed and stored correctly.\n** Encoder mode is now a devicewide setting, thus moved to device editor pane (only shown for generic midi devices).\n** Copy&paste / drag&drop for mappings take encoder modes into account: they are adapted to the target device.\n\n* Midi Binding:\n** In and Out commands can be mapped at the same time if there is an intersection of valid definitions (e.g. it's not possible to map a 'Level Meter' note to an In command). For generic midi devices this is always possible. For proprietary devices it depends on the note definitions.\n** Allow changing channel for various selected notes\n** Allow changing note for various selected channels\n** Added context menu items for selected channels and notes (as with conditions)\n** {\"[fix]\"} Issue 627: Exception on MIDI learn\n** {\"[fix]\"} Simultaneous MIDI learn of multiple mappings\n\n* Devices:\n** Added drag&drop between devices. Hovering over a device while dragging selects the device. If there is no device in the target file, an appropriate device is added automatically.\n** Added drag&drop for devices: one device at a time within file or between files. \n** {\"[fix]\"} Initial mapping selection when switching the selected device.\n** {\"[fix]\"} Keep selection of mappings when switching the selected device.\n** Added the number of devices to Device list\n\n* Advanced Options Menu:\n** Added to Mapping Editor\n** Added advanced option \"Change Assignment\", which changes the selected mappings' assignment as well as their condition assignments, if all selected mappings have the same assignment beforehand. \n\n* Added option to add corresponding Out command to selected In command. Assignment, Conditions and Binding are taken from selected In command.\n* Added metadata to devices. Will be used for assigning names to condition sets in the future.\n* Renamed \"Details\" pane to \"Mapping Editor\" (naming consistency)\n\n* {\"[fix]\"} Issue 631: Opening files with empty FX selection list\n* {\"[fix]\"} Sorting of context menu items\n* {\"[fix]\"} Inline editing of comments",
    "ReleasedDatge": "0001-01-01T00:00:00",
    "ModifiedDate": "2016-07-10T22:33:52.027-07:00",
    "Files": [
      {
        "Id": "0c43d159-3b21-4fb3-a357-fad4b76c3e16",
        "FileName": "cmdr v0.9.zip",
        "Url": "./5/0c43d159-3b21-4fb3-a357-fad4b76c3e16",
        "Type": "Application",
        "UploadDate": "2016-07-10T22:18:03.727-07:00"
      }
    ]
  }
]